CREATE TABLE IF NOT EXISTS users(
    id char(36) PRIMARY KEY,
    name varchar(40) NOT NULL,
    email varchar(40) NOT NULL,
    password varchar(40) NOT NULL
);

INSERT INTO users VALUES ('410544b2-4001-4271-9855-fec4b6a6442a', 'User', 'user@nextmail.com', '123456');

CREATE TABLE IF NOT EXISTS customers(
    id char(36) PRIMARY KEY,
    name varchar(40) NOT NULL,
    email varchar(40) NOT NULL,
    image_url varchar(40) NOT NULL
);

INSERT INTO customers VALUES ('3958dc9e-712f-4377-85e9-fec4b6a6442a', 'Delba de Oliveira', 'delba@oliveira.com', '/customers/delba-de-oliveira.png');
INSERT INTO customers VALUES ('3958dc9e-742f-4377-85e9-fec4b6a6442a', 'Lee Robinson', 'lee@robinson.com', '/customers/lee-robinson.png');
INSERT INTO customers VALUES ('3958dc9e-737f-4377-85e9-fec4b6a6442a', 'Hector Simpson', 'hector@simpson.com', '/customers/hector-simpson.png');
INSERT INTO customers VALUES ('50ca3e18-62cd-11ee-8c99-0242ac120002', 'Steven Tey', 'steven@tey.com', '/customers/steven-tey.png');
INSERT INTO customers VALUES ('3958dc9e-787f-4377-85e9-fec4b6a6442a', 'Steph Dietz', 'steph@dietz.com', '/customers/steph-dietz.png');
INSERT INTO customers VALUES ('76d65c26-f784-44a2-ac19-586678f7c2f2', 'Michael Novotny', 'michael@novotny.com', '/customers/michael-novotny.png');
INSERT INTO customers VALUES ('d6e15727-9fe1-4961-8c5b-ea44a9bd81aa', 'Evil Rabbit', 'evil@rabbit.com', '/customers/evil-rabbit.png');
INSERT INTO customers VALUES ('126eed9c-c90c-4ef6-a4a8-fcf7408d3c66', 'Emil Kowalski', 'emil@kowalski.com', '/customers/emil-kowalski.png');
INSERT INTO customers VALUES ('CC27C14A-0ACF-4F4A-A6C9-D45682C144B9', 'Amy Burns', 'amy@burns.com', '/customers/amy-burns.png');
INSERT INTO customers VALUES ('13D07535-C59E-4157-A011-F8D2EF4E0CBB', 'Balazs Orban', 'balazs@orban.com', '/customers/balazs-orban.png');

CREATE TABLE IF NOT EXISTS invoices(
    id UUID DEFAULT uuid_generate_v4() PRIMARY KEY,
    customer_id char(36),
    amount INTEGER NOT NULL,
    status varchar(40) NOT NULL,
    date varchar(40) NOT NULL
);


INSERT INTO invoices VALUES(uuid_generate_v4(),'3958dc9e-712f-4377-85e9-fec4b6a6442a', 15795, 'pending', '2022-12-06');
INSERT INTO invoices VALUES(uuid_generate_v4(),'3958dc9e-742f-4377-85e9-fec4b6a6442a', 20348, 'pending', '2022-11-14');
INSERT INTO invoices VALUES(uuid_generate_v4(),'3958dc9e-787f-4377-85e9-fec4b6a6442a', 3040, 'paid', '2022-10-29');
INSERT INTO invoices VALUES(uuid_generate_v4(),'50ca3e18-62cd-11ee-8c99-0242ac120002', 44800, 'paid', '2023-09-10');
INSERT INTO invoices VALUES(uuid_generate_v4(),'76d65c26-f784-44a2-ac19-586678f7c2f2', 34577, 'pending', '2023-08-05');
INSERT INTO invoices VALUES(uuid_generate_v4(),'126eed9c-c90c-4ef6-a4a8-fcf7408d3c66', 54246, 'pending', '2023-07-16');
INSERT INTO invoices VALUES(uuid_generate_v4(),'d6e15727-9fe1-4961-8c5b-ea44a9bd81aa', 666, 'pending', '2023-06-27');
INSERT INTO invoices VALUES(uuid_generate_v4(),'50ca3e18-62cd-11ee-8c99-0242ac120002', 32545, 'paid', '2023-06-09');
INSERT INTO invoices VALUES(uuid_generate_v4(),'3958dc9e-787f-4377-85e9-fec4b6a6442a', 1250, 'paid', '2023-06-17');
INSERT INTO invoices VALUES(uuid_generate_v4(),'76d65c26-f784-44a2-ac19-586678f7c2f2', 8546, 'paid', '2023-06-07');
INSERT INTO invoices VALUES(uuid_generate_v4(),'3958dc9e-742f-4377-85e9-fec4b6a6442a', 500, 'paid', '2023-08-19');
INSERT INTO invoices VALUES(uuid_generate_v4(),'76d65c26-f784-44a2-ac19-586678f7c2f2', 8945, 'paid', '2023-06-03');
INSERT INTO invoices VALUES(uuid_generate_v4(),'3958dc9e-737f-4377-85e9-fec4b6a6442a', 8945, 'paid', '2023-06-18');
INSERT INTO invoices VALUES(uuid_generate_v4(),'3958dc9e-712f-4377-85e9-fec4b6a6442a', 8945, 'paid', '2023-10-04');
INSERT INTO invoices VALUES(uuid_generate_v4(),'3958dc9e-737f-4377-85e9-fec4b6a6442a', 1000, 'paid', '2022-06-05');

CREATE TABLE IF NOT EXISTS revenue(
    month char(3) PRIMARY KEY,
    revenue INTEGER NOT NULL
);

INSERT INTO revenue VALUES('Jan', 2000);
INSERT INTO revenue VALUES('Feb', 1800);
INSERT INTO revenue VALUES('Mar', 2200);
INSERT INTO revenue VALUES('Apr', 2500);
INSERT INTO revenue VALUES('May', 2300);
INSERT INTO revenue VALUES('Jun', 3200);
INSERT INTO revenue VALUES('Jul', 3500);
INSERT INTO revenue VALUES('Aug', 3700);
INSERT INTO revenue VALUES('Sep', 2500);
INSERT INTO revenue VALUES('Oct', 2800);
INSERT INTO revenue VALUES('Nov', 3000);
INSERT INTO revenue VALUES('Dec', 4800);

